Encoder Step,Attention Weight
0,0.25583115
1,0.222357
2,0.25678653
3,0.2307499
4,0.26306042
