Encoder Step,Attention Weight
0,0.22029093
1,0.2616799
2,0.2133753
3,0.21153374
4,0.20332971
